name,id,rarity,type,extraTypes,shop,price,staminaCost,minDam,maxDam,cd,accuracy,chance,chance2,shopChance,block,p1,p2,p3,p4,p5,material,canActivate,recipes,gateItem,tags,gain,use,remove,threshold,weight,unique,p6,p7,p8,p9,p10,appropriated,demo,earliestRound,requires,version,animation
Stone,0,Common,Ranged Weapon,Nature,,1,0,2,4,2.5,70,,,,,4:blockremoval,,,,,Stone,,,,Stone,,,Block,8,,,,,,,,,,,,0.1.0,Throw
Wooden Sword,1,Common,Melee Weapon,,,3,1,1,3,1.4,90,,,,,,,,,,Wood,,"Whetstone>Hero Sword,Lump of Coal>Torch,Shiny Shell>Shell Totem,Rainbow Orb>Prismatic Sword",,,,,,,,,,,,,,,,,,0.1.0,Slash
Pan,2,Common,Melee Weapon,,,4,2,4,5,2.2,85,,,,,1,,,,,Metal,,"Heroic Potion>Eggscalibur,Corrupted Crystal>Pandamonium",,,,,,,,,,,,,,,,,,0.1.0,ReverseBonk
Broom,3,Common,Melee Weapon,,,4,1.2,2,4,1.7,95,33,,,,2,,,,,Wood,,"Mana Orb>Magic Staff,Pan>Shovel,Whetstone>Shepherds Crook,Snowball>Snow Stick",,,Blind,,,3,,,,,,,,,,,,0.3.1,Sweep
Wooden Buckler,4,Common,Shield,,,4,,,,,,30,,,,7:damagereduction,0.3,,,,Wood,,"Walrus Tusk>Spiked Shield,Snowball>Frozen Buckler",,,,,,,,,,,,,,,,,,0.1.0,Block
Banana,5,Common,Food,Nature,,3,,,,5,,,,,,4,,,,,Squishy,,,,,,,,,,,,,,,,,,,,0.1.0,
Garlic,6,Common,Food,Nature,,2,,,,4,,30,,,3,1,,,,,Squishy,,,,,,,Vampirism,,,,,,,,,,,,,0.1.0,
Healing Herbs,7,Common,Accessory,Nature,,4,,,,,,,,,,2,,,,,Squishy,,,,,Regeneration,,,6,,,,,,,,,,,,0.1.0,
Walrus Tusk,8,Common,Accessory,Nature,,4,,,,,,,,,,1,,,,,Stone,,,,,Spikes,,,,,,,,,,,,,,,0.1.0,
Piggybank,9,Common,Accessory,,,3,,,,,,,,,,1,2,,,,Stone,,"Lucky Clover+Lucky Clover>Lucky Piggy,Hammer*>Coins",,,,,,,,,,,,,,,,,,0.1.0,
Whetstone,10,Common,Accessory,,,4,,,,,,,,,,1,,,,,Stone,,,,,,,,,,,,,,,,,,,,0.1.0,
Pocket Sand,20,Common,Accessory,Nature,,2,,,,,,,,,,1,,,,,Sand,,,,,Blind,,,6,,,,,,,,,,,,0.1.0,
Lump of Coal,191,Common,Gem,,,2,,,,3,,70,,,8,1,,,,,Stone,,Fire*>Burning Coal,,,"Buff, Debuff",,,,,,,,,,,,,,,0.6.1,
Shiny Shell,275,Common,Accessory,"Holy,Nature",,2,,,,5,,,,,,5:heal,3:holybonus,,,,Jewelry,,Health Potion>Shelly,,,,,,,,,,,,,,,no,,,0.9.12,
Leather Bag,11,Common,Bag,,,4,,,,,,,,,,,,,,,Leather,,,,,,,,,0.4,,,,,,,,,,,0.1.0,
Hammer,12,Rare,Melee Weapon,,,8,3,8,12,2,75,45,,,,0.5,,,,,Metal,,,,,,,,1,,,,,,,,,,,,0.1.0,Bonk
Spear,14,Rare,Melee Weapon,,,6,1,3,8,1.5,85,,,,,4,,,,,Metal,,"Crown>Holy Spear,Flame+Flame>Molten Spear,Pestilence Flask>Poison Spear",,,,,Block,,,,,,,,,,,,,0.1.0,Stab
Dagger,15,Rare,Melee Weapon,,,4,0,2,5,3.5,95,,,,,,,,,,Metal,,"Pestilence Flask>Poison Dagger,Blood Amulet>Bloody Dagger,Mana Orb*>Spectral Dagger,Flame+Flame>Molten Dagger",,,,,,4,,,,,,,,,,,,0.1.0,Stab
Spiked Shield,16,Rare,Shield,,no,8,,,,,,30,,,,7:damagereduction,0.3,1,5:maxspikes,,Wood,,,,,Spikes,,,,,,,,,,,,,,,0.1.0,Block
Leather Armor,17,Rare,Armor,,,7,,,,,,,,,45,3,,,,,Leather,,"Blood Amulet>Vampiric Armor,Forging Hammer*>Dragonscale Armor,Snowball>Ice Armor,Stone Skin Potion>Stone Armor,Goobert*>Holdall",,,,,,2,,,,,,,,,,,,0.1.0,
Gloves of Haste,18,Rare,Gloves,,,4,,,,,,,,,,20,,,,,Leather,,"Blood Amulet>Vampiric Gloves,Walrus Tusk>Claws of Attack,Forging Hammer*>Dragon Claws,Stone Skin Potion>Stone Gloves",,,,,,,,,,,,,,,,,,0.1.0,
Health Potion,19,Rare,Potion,,,4,,,,,,,,,,50,12:heal,4,,,Glass,,"Healing Herbs>Strong Health Potion,Blueberries>Mana Potion",,,,,Poison,5,,,,,,,,,,,,0.1.0,
Blueberries,22,Rare,Food,"Nature,Magic",,2,,,,3.5,,,,,,1,10,1,,,Squishy,,,,,"Mana,Lucky",,,,,,,,,,,,,,,0.3.1,
Goobert,23,Rare,Pet,,,6,,,,,,,,,,5,9:heal,,,,Slime,,"Fly Agaric+Fly Agaric>Poison Goobert,Lightsaber>Light Goobert,Hero Sword>Steel Goobert,Blood Amulet>Blood Goobert,Carrot+Carrot>Carrot Goobert,Chili Pepper>Chili Goobert,Cheese>Cheese Goobert,King Crown>King Goobert,Cupcake>Cupcake Goobert",,,,,,,,,,,,,,,,,,0.3.0,Squish
Bag of Stones,13,Rare,Accessory,,,3,,,,,,,,,,,,,,,Leather,no,,,,,,,4,,,,,,,,,,,,0.1.0,
Customer Card,25,Rare,Accessory,,,4,,,,,,,,,,,,,,,Paper,no,Customer Card>Platin Customer Card,,,,,,,,,,,,,,,,,,0.1.0,
Amulet Unidentified,263,Rare,Accessory,,,6,,,,,,,,,,,,,,,Jewelry,,,,,,,,,,,,,,,,,no,,,0.9.12,
Amulet of Life,264,Rare,Accessory,,no,6,,,,,,,,,,20:maxhealth,20:healamp,,,,Jewelry,,,Amulet Unidentified,,,,,,,,,,,,,,no,,,0.9.12,
Amulet of Steel,265,Rare,Accessory,,no,6,,,,,,,,,25,35:blockt,1:empower,,,,Jewelry,,,Amulet Unidentified,,Empower,,,,,,,,,,,,no,,,0.9.12,
Amulet of Feasting,266,Rare,Accessory,,no,6,,,,,,,,,,40:foodspeed,,,,,Jewelry,no,,Amulet Unidentified,,,,,,,,,,,,,,no,,,0.9.12,
Amulet of Darkness,267,Rare,Accessory,Dark,no,6,,7,7,,,30,,,,22:damt,,,,,Jewelry,,,Amulet Unidentified,,Debuff,,,,,,,,,,,,no,,,0.9.24,
Amulet of Agility,268,Rare,Accessory,,no,6,,,,,,,,,,100:speed,1:dur,25:refund,,,Jewelry,,,Amulet Unidentified,,Buff,,,,,,,,,,,,no,,,0.9.12,
Amulet of the Wild,269,Rare,Accessory,Nature,no,6,,,,5,,,,,,4:spikes,50:spikedam,,,,Jewelry,,,Amulet Unidentified,,Spikes,,,,,,,,,,,,no,,,0.9.12,
Amulet of Alchemy,270,Rare,Accessory,,no,6,,,,,,70,,,,3:buffs,2.5:delay,,,,Jewelry,,,Amulet Unidentified,,Buff,,,,,,,,,,,,no,,,0.9.12,
Fanny Pack,26,Rare,Bag,,,3,,,,,,,,,,10,,,,,Leather,,,,,,,,,0.4,,,,,,,,,,,0.1.0,
Coins,126,Rare,Accessory,,no,9,,,,,,,,,,,,,,,Jewelry,no,,,,,,,,,,,,,,,,,,,0.4.1,
Shovel,183,Rare,Melee Weapon,,no,8,1.7,5,8,2.4,95,40,,,,1,,,,,Metal,,,,,Blind,,,,,,,,,,,,,,,0.6.0,Stab
Burning Coal,207,Rare,Gem,Fire,no,2,,,,5,,12,,,15,6,1,5:coldresist,2,3,Stone,,,,,Heat,,,,,,,,,,,,,,,0.7.0,
Torch,208,Rare,Melee Weapon,,no,5,1,2,3,1.4,90,25,,,,1,,,,,Wood,,"Fire*>Burning Torch,Mana Potion>Magic Torch",,,,,,,,,,,,,,,,,,0.7.0,Slash
Shell Totem,276,Rare,Weapon,Holy,no,5,2,,,3.6,,,,,,70:healtht,8:heal,15:stamina,,,Wood,,,,,Empower,,,,,,,,,,,,no,,,0.9.12,Wave
Thorn Whip,27,Epic,Melee Weapon,Nature,,8,2.2,4,9,2.2,80,,,,,1,,,,,Squishy,,"Flame+Flame>Flame Whip,Forging Hammer*>Chain Whip,Heroic Potion>Thornbloom",,,Spikes,,,2,,,,,,,,,,,,0.1.0,Slash
Hungry Blade,28,Epic,Melee Weapon,Vampiric,,7,1,3,6,1.6,90,,,,,1,1,1,,,Metal,,"Thorn Whip>Bloodthorne,Mana Orb>Manathirst,Snowball>Frostbite",,,Vampirism,Regeneration,,2,,,,,,,,,,,,0.1.0,Slash
Leather Boots,34,Epic,Shoes,,,6,,,,,,,,,15,70,1,1,,,Leather,,"Forging Hammer*>Dragonskin Boots,Stone Skin Potion>Stone Shoes",,,"Empower,Lucky",,,3,,,,,,,,,,,,0.1.0,
Leather Helm,127,Epic,Helmet,,,7,,,,,,15,,,,25:damagereduction,3:duration,,,,Leather,,"Corrupted Crystal>Evil Cap,Stone Skin Potion>Stone Helm",,,,,,2,,,,,,,,,,,,0.4.1,
Pestilence Flask,36,Epic,Potion,,,7,,,,,,,,,,3,1,,,,Glass,,Fly Agaric>Strong Pestilence Flask,,,Poison,,,4,,,,,,,,,,,,0.1.0,
Stone Skin Potion,37,Epic,Potion,,,6,,,,,,,,,30,45,15,,,,Glass,,Stone+Stone>Strong Stone Skin Potion,,,,,,4,,,,,,,,,,,,0.1.0,
Flute,40,Epic,Accessory,Magic,,6,,,,4.7,,,,,14,2,2,10,,,Wood,,,,,Lucky,,,,,,,,,,,,,,,0.1.0,Scale
Mana Orb,41,Epic,Accessory,Magic,,6,,,,,,50,,,,1,35:manat,17:buffs,,,Glass,,,,,Buff,Mana,,5,,,,,,,,,,,,0.3.1,
Corrupted Crystal,160,Epic,Gem,Dark,,7,,,,5.5,,,,,,30,50,7,6,,Jewelry,,,,,,,,3,,,,,,,,,,,,0.5.4,
Oil Lamp,277,Epic,Accessory,Fire,,7,,,,3.4,,,,,,2:heat,1:dam,5:accuracy,,,Metal,,,,,Heat,,,3,,,,,,,,,no,,,0.9.12,
Stamina Sack,42,Epic,Bag,,,5,,,,,,,,,,,,,,,Leather,,,,,,,,,0.4,,,,,,,,,,,0.1.0,
Hero Sword,29,Epic,Melee Weapon,,no,7,0.7,2,4,1.4,90,,,,,1:dam,,,,,Metal,,"Whetstone+Whetstone>Hero Longsword,Gloves of Haste+Gloves of Haste>Falcon Blade,Flame+Flame>Burning Sword",,,,,,,,,,,,,,,,,,0.1.0,Slash
Magic Staff,32,Epic,Ranged Weapon,Magic,no,10,1,6,8,1.8,90,,,,,3,6,2,,,Wood,,"Acorn Collar>Critwood Staff,Demonic Flask>Staff of Unhealing,Draconic Orb>Staff of Fire,Pestilence Flask>Serpent Staff,Spiked Collar>Spiked Staff,Cupcake>Cupcake Staff",,Staff,,Mana,,,,,,,,,,,,,,0.3.1,Wave
Strong Health Potion,35,Epic,Potion,,no,8,,,,,,,,,,50,24:heal,4:cleanse,3:regen,,Glass,,Blood Amulet*>Vampiric Potion,,,Regeneration,,,,,,,,,,,,,,,0.1.0,
Poison Dagger,30,Epic,Melee Weapon,,no,11,0,3,6,2.2,95,,,,,2,,,,,Metal,,,,,Poison,,,,,,,,,,,,,,,0.1.0,Stab
Claws of Attack,118,Epic,Melee Weapon,,no,8,0.5,4,5,1.6,90,,,,,5:speedperspike,1000:maxspeed,4:attackst,,,Leather,,,,,Empower,,,,,,,,,,,,,,,0.3.9,
Burning Torch,209,Epic,Melee Weapon,Fire,no,5,1,2,3,1.4,90,30,,,,2:heat,1:damagegain,,,,Wood,,,,,Heat,,,,,,,,,,,,,,,0.7.0,Slash
Platin Customer Card,216,Epic,Accessory,,no,8,,,,,,20,,,,25:uniques,2,,,,Jewelry,,,,,,,,,,,,,,,,,,,,0.7.2,
Mana Potion,172,Epic,Potion,Magic,no,6,,,,,,,,,,50:healtht,4:mana,18:maxhealth,,,Glass,,,,,Mana,,,,,,,,,,,,,,,0.6.3,
Box of Prosperity,278,Epic,Bag,,no,5,,,,,,,,,,2:insideitems,,,,,Wood,,,,,,,,,,,,,,,,,no,,,0.9.12,
Rib Saw Blade,43,Legendary,Melee Weapon,,,10,1.5,8,10,1.8,90,,,,,1:dam,0.5:bonusdam,,,,Metal,,Whetstone>Katana,,,,,,1,,,,,,,,,,,,0.1.0,Slash
Holy Armor,58,Legendary,Armor,Holy,,13,,,,2.6,,,,,65,2,2,,,,Metal,,"Flame+Flame>Sun Armor,Mana Orb>Moon Armor,Corrupted Crystal>Corrupted Armor",,,"Regeneration,Spikes",,Poison,,,,,,,,,,,,,0.1.0,
Shield of Valor,51,Legendary,Shield,Holy,,12,,,,,,30,,,,14:damreduction,0.7,30,,,Metal,,"Mana Orb>Moon Shield,Flame+Flame>Sun Shield",,,,,,2,,,,,,,,,,,,0.2.0,Block
Heroic Potion,59,Legendary,Potion,,,6,,,,,,,,,,2,1,1,,,Glass,,Banana>Strong Heroic Potion,,,Empower,,,4,,,,,,,,,,,,0.1.0,
Pineapple,60,Legendary,Food,Nature,,7,,,,3.3,,,,,,4:heal,,,,,Squishy,,,,,Spikes,,,,,,,,,,,,,,,0.1.0,
Blood Amulet,48,Legendary,Accessory,Vampiric,,8,,,,,,,,,,2,20,,,,Jewelry,,,,,Vampirism,,,5,,,,,,,,,,,,0.1.1,
Ruby Egg,62,Legendary,Pet,Fire,,10,,,,,,,,,,3:reflect,2:hatch,4:heat,,,Stone,,,,,Heat,,,,,,,,,,,,,,,0.1.0,
Jynx torquilla,81,Legendary,Pet,Nature,,8,,,,3,,,,,,5,50:max,1,,,Bird,,,,,,,Lucky,3,,,,,,,,,,,,0.3.4,
Vampiric Potion,174,Legendary,Potion,Vampiric,no,8,,,,,,,,,,80:healtht,3:vampirism,15:dam,100:lifesteal,,Glass,,,,Lifesteal,Vampirism,,,,,,,,,,,,no,,,0.9.0,
Lucky Cat,273,Legendary,Accessory,Holy,,10,,,,,,15,,,,3:sales,20:gold1,40:gold2,15:speed,,Stone,no,,,,,,,2,,,,,,,,,no,,,0.9.12,
Potion Belt,85,Legendary,Bag,,,5,,,,,,,,,,8:cleanse,,,,,Leather,,,,,Buff,,Debuff,,0.4,,,,,,,,,,,0.3.6,
Bloody Dagger,45,Legendary,Melee Weapon,Vampiric,no,12,0,4,7,2.5,95,,,,,1,5,4,,,Metal,,,,,Vampirism,,,,,,,,,,,,,,,0.3.0,Stab
Strong Heroic Potion,55,Legendary,Potion,,no,9,,,,,,,,,,4,1,1,,,Glass,,,,,Empower,,,,,,,,,,,,,,,0.3.1,
Strong Stone Skin Potion,46,Legendary,Potion,,no,8,,,,,,,,,35,45,15,2,4,,Glass,,,,,Spikes,,,,,,,,,,,,,,,0.1.0,
Vampiric Armor,50,Legendary,Armor,Vampiric,no,15,,,,2.8,,,,,100,45,2,10,20,,Leather,,,,,Vampirism,,,,,,,,,,,,,,,0.2.0,
Blood Goobert,54,Legendary,Pet,Vampiric,no,14,,,,,,,,,,6,10:dam,2:vampirism,100:lifesteal,,Slime,,,,Lifesteal,Vampirism,,,,,,,,,,,,,,,0.3.0,Squish
Steel Goobert,52,Legendary,Pet,,no,13,,,,,,,,,16,6:activations,2:dam,,,,Metal,,,,,,,,,,,,,,,,,,,,0.3.0,Squish
Eggscalibur,125,Legendary,Melee Weapon,"Holy, Magic",no,10,1.3,8,9,1.6,90,,,,,1,11:manacost,,,,Metal,,,,,,Mana,,,,,,,,,,,,,,0.4.0,Bonk
Manathirst,69,Legendary,Melee Weapon,"Magic, Vampiric",no,13,0.5,5,7,1.4,200,,,,,30:manat,10:dam,100:lifesteal,2:mana,,Metal,,,,Lifesteal,Mana,,,,,,,,,,,,,,,0.3.2,Slash
Spectral Dagger,70,Legendary,Melee Weapon,Magic,no,4,0,1,3,3,95,,,,,1,6:dam,,,,Metal,,,,,,Mana,,,,,,,,,,,,,,0.3.2,Stab
Hero Longsword,82,Legendary,Melee Weapon,,no,15,1,8,10,1.6,90,,,,,3:dam,,,,,Metal,,"Falcon Blade>Crossblades,Flame+Flame>Burning Blade",,,,,,,,,,,,,,,,,,0.3.5,Slash
Falcon Blade,83,Legendary,Melee Weapon,,no,15,1,3,4,1.7,100,,,,,35:speed,,,,,Metal,,,,,,,,,,,,,,,,,,,,0.3.5,Slash
Pandamonium,161,Legendary,Melee Weapon,Dark,no,11,0.7,9,11,2,90,,,,,1,,,,,Metal,,,,,Poison,,,,,,,,,,,,,,,0.5.4,Bonk
Evil Cap,206,Legendary,Helmet,Dark,no,14,,,,,,15,,,,25,5,30,,,Leather,,,,,,,,,,,,,,,,,,,,0.6.4,
Magic Torch,215,Legendary,Melee Weapon,"Magic, Fire",no,11,0.7,3,6,1.5,200,,,,,1,1,1,,,Metal,,,,,,Mana,,,,,,,,,,,,,,0.7.2,Slash
Strong Mana Potion,173,Legendary,Potion,Magic,no,7,,,,,,,,,,50,9:mana,25:maxhealth,,,Glass,,,,,Mana,,,,,,,,,,,,no,,,0.9.0,
Stone Armor,237,Legendary,Armor,,no,13,,,,4,,,,,110,1:spikes,2:empower,50:healtht,20:staminacost,40:blockperhealth,Stone,,,,,,,Spikes,,,,,,,,,,no,,,0.9.0,
Stone Helm,238,Legendary,Helmet,,no,13,,,,,,25,30,,35,25:damagereduction,5:duration,,,,Stone,,,,,,,,,,,,,,,,,,,,0.8.4,
Stone Gloves,239,Legendary,Gloves,,no,10,,,,,,,,,7,20:dambonus,10:speedreduction,,,,Stone,,,,,,,,,,,,,,,,,no,,,0.9.0,
Serpent Staff,258,Legendary,Ranged Weapon,Magic,no,17,1,8,10,1.8,90,30,,,,4:mana,2:dam,1:poison,4:damforpoison,30:poisonpierce,Metal,,,,Staff,Poison,Mana,,,,,,,,,,,,,,0.9.8,Wave
Fanfare,61,Godly,Accessory,Magic,,7,,,,3,,,,,,1,3,2,1,10,Metal,,,,,"Mana,Empower",,Mana,2,,,,,,,,,,,,0.1.0,Scale
Lightsaber,63,Godly,Melee Weapon,Holy,,11,1.2,8,12,1.5,95,,,,,3,1,8:blind,5:blinddur,,Metal,,Corrupted Crystal>Darksaber,,,Blind,"Regeneration,Spikes",,1,,,,,,,,,,,,0.1.0,Slash
Protective Purse,66,Godly,Bag,,,2,,,,,,,,,15,,,,,,Leather,,,,,,,,,0.4,,,,,,,,,,,0.1.0,
Fancy Fencing Rapier,71,Godly,Melee Weapon,,,12,0.8,10,16,1.4,60,,,,,3,3,3,,,Metal,,,,,Lucky,Lucky,,1,,,,,,,,,,,,0.3.2,Stab
Djinn Lamp,73,Godly,Accessory,Magic,,11,,,,1.6,,,,,,7,27,27,,,Metal,,,,,"Lucky,Spikes,Mana","Lucky,Spikes,Mana,Block",,,,,,,,,,,,,,0.3.3,
Greatsword,128,Godly,Melee Weapon,,,14,5,40,50,5,90,,,,,5:empowert,2:stamina,2:cd,,,Metal,,Forging Hammer*>Busted Blade,,,,,,1,,,,,,,,,,,,0.4.2,Chop
Crown,217,Godly,Helmet,"Holy,Magic",,12,,,,2.4,,,,,,10:mana,2:invudur,5:heal,,,Metal,,Box of Riches>King Crown,,,,Mana,Blind,3,,,,,,,,,,,,0.3.1,
Wolpertinger,231,Godly,Pet,Nature,,12,,,,5,,,,,,0.7,3,15,,,,,,,,Buff,,,3,,,,,,,,,,,,0.8.0,
Heart Container,232,Godly,Accessory,Holy,,12,,,,3,,,,,,1:regen,7:regent,100:maxhealth,2:empower,15:healamp,Jewelry,,"Corrupted Crystal>Heart of Darkness,Stone+Stone+Stone+Stone>Stone Golem",,,"Regeneration,Empower",Regeneration,,3,,,,,,,,,,,,0.8.1,
Divine Potion,176,Godly,Potion,Holy,,7,,,,,,,,,,10:debufft,10:cleanses,,,,Glass,,,,,,,Debuff,,,,,,,,,,no,,,0.9.0,
Rainbow Orb,272,Godly,Accessory,"Magic,Vampiric,Holy,Dark",,14,,,,8,,,,,,1:buffs,1:vampirism,2:mana,4:healamp,1:debuffs,Jewelry,,,,,"Buff,Debuff",,,2,,,,,,,,,no,,,0.9.12,
Bloodthorne,47,Godly,Melee Weapon,"Vampiric, Nature",no,15,1.6,4,8,1.6,90,,,,,1,1,1,,,Metal,,,,,"Vampirism,Spikes",Regeneration,,,,,,,,,,,,,,0.1.0,Slash
Crossblades,84,Godly,Melee Weapon,,no,30,1,8,11,1.4,100,,,,,10:dambuff,60:speedbuff,1:damincrease,4:speedincrease,,Metal,,,,,,,,,,,,,,,,,,,,0.5.3,Slash
Ruby Whelp,64,Godly,Ranged Weapon,"Pet,Fire,Effect",no,10,0,5,10,2.1,90,,,,,4:heat,3:reflect,,,,Dragon,,"Holo Fire Lizard>Ruby Chonk,Draconic Orb>Obsidian Dragon,White-Eyes Blue Dragon>Ice Dragon",Ruby Egg,Dragon,Heat,,,,,,,,,,,,,,,0.1.0,
Vampiric Gloves,49,Godly,Gloves,Vampiric,no,12,,,,4,,,,,,6:vampirism,35,,,,Leather,,,,,Vampirism,,,,,,,,,,,,,,,0.1.1,
Darksaber,72,Godly,Melee Weapon,Dark,no,18,1.4,9,14,1.5,95,,,,,0.5:damperdebuff,1:mana,1:blind,,,Metal,,,,,Blind,Mana,,,,,,,,,,,,,,0.3.3,Slash
Light Goobert,53,Godly,Pet,Holy,no,17,,,,,,,,,,6,20,7:blind,3,,Slime,,,,,Blind,,,,,,,,,,,,,,,0.3.0,Squish
Holy Spear,218,Godly,Melee Weapon,"Holy,Magic",no,18,0.4,13,18,2.5,200,,,,,10:blockremoval,10:manat,100,3,,Metal,,,,,,Mana,"Debuff,Block",,,,,,,,,,,,,0.7.3,Stab
Moon Shield,227,Godly,Shield,"Holy,Magic",no,18,,,,,,30,,,,14:damreduction,0.7,30,12,,Metal,,,,,Mana,,,,,,,,,,,,,,,0.7.5,Block
Corrupted Armor,229,Godly,Armor,Dark,no,20,,,,2.4,,10,,,85,2,,,,,Metal,,,,,Debuff,,,,,,,,,,,,,,,0.7.6,
Moon Armor,226,Godly,Armor,"Holy, Magic",no,19,,,,2.6,,,,,50,20,3:mana,2:reflect,,,Metal,,,,,Mana,,,,,,,,,,,,no,,,0.9.0,
Heart of Darkness,244,Godly,Accessory,Dark,no,19,,,,4,,,,,,7:regent,40:healreduction,4:empower,100:maxhealth,2:buffsteal,Metal,,,,,Buff,Regeneration,,,,,20:darkspeed,,,,,,,,,0.8.3,
Thornbloom,260,Godly,Melee Weapon,Nature,no,14,2.1,7,12,2.1,80,60,,,,1:spikes,1:empower,1:damperspike,11:maxhealth,,Squishy,,,,,"Empower,Spikes",,,,,,,,,,,,,,,0.9.8,
King Crown,261,Godly,Accessory,"Holy,Magic",no,17,,,,2.4,,,,,,50:gempower,5:heal,10:mana,2.5:invudur,,Metal,,,,,,Mana,,,,,,,,,,,,,,0.9.8,
King Goobert,262,Godly,Pet,"Holy,Magic",no,23,,,,,,,,,,6:activations,35:heal,3:buffs,4:mana,1.5:invudur,Slime,,,,,,Mana,,,,,3:charges,50:gempower,,,,,,,,0.9.8,
Stone Golem,271,Godly,Ranged Weapon,"Pet,Effect",no,16,0,8,13,5.5,85,30,,,150,1:empower,0.5:dur,7:regen,2.6:buffedcd,10:bonusdam,Stone,,,,,Empower,Regeneration,,,,,,,,,,,no,,,0.9.12,
Prismatic Sword,257,Godly,Melee Weapon,"Magic,Vampiric,Holy,Dark",no,17,1,10,16,1.4,90,10,10:debuff,,,8:speed,15:lifesteal,0.3:dam,4:debuffs,,Metal,,,,,Debuff,,,,,,,,,,,,no,,,0.9.12,Slash
Artifact Stone Cold,138,Unique,Ranged Weapon,Ice,unique,10,0,2,4,4,90,,,,,3,1,,,,Stone,,,,Stone,Cold,,,,,,,,,,,,,,,0.4.3,
Vampiric Scythe,139,Unique,Melee Weapon,Vampiric,unique,7,0,10,16,4,90,,,,,5,200,,,,Metal,,,,,,,,,,,,,,,,,,,,0.4.3,Slash
Villain Sword,140,Unique,Melee Weapon,Dark,unique,7,0.3,2,4,1.3,90,,,,,2,4,,,,Metal,,,,,,,,,,,,,,,,,,,,0.4.3,Slash
Skull,156,Unique,Gem,Dark,unique,10,,,,,,25,50,,,30,50,5,,,Jewelry,,,,,Empower,,,,,,,,,,,,,,,0.5.5,
Artifact Stone Heat,210,Unique,Ranged Weapon,Fire,unique,9,0,4,6,4,90,,,,,3,10,8,,,Stone,,,,Stone,Heat,,,,,,,,,,,,,,,0.7.0,Throw
Present,213,Unique,Accessory,,unique,10,,,,,,,,,,5,1.7,,,,Paper,,,,,Buff,,,,,,,,,,,,,,,0.7.1,
Gingerbread Man,214,Unique,Food,,unique,8,,,,3,,,,,,40,1,1,1,1,Squishy,,,,,"Empower,Regeneration","Lucky,Heat,Mana",,,,,3,20,,,,,,,,0.7.1,
Pumpkin,157,Unique,Ranged Weapon,"Food,Nature",unique,8,0,6,12,5,90,50,,,,0.5,10,,,,Squishy,,,,,Heat,,,,,,,,,,,,,,,0.5.5,
Leaf Badge,246,Unique,Accessory,,unique,5,,,,2.2,,,,,,2:crit,,,,,Jewelry,,,,,Lucky,,,,,,,,,,,,no,1,,0.9.4,
Skull Badge,247,Unique,Accessory,,unique,5,,,,1.5,,,,,,,,,,,Jewelry,,,,,Debuff,,,,,,,,,,,,no,1,,0.9.4,
Wolf Badge,248,Unique,Accessory,,unique,5,,,,,,,,,,50:healtht,5:dur,25:ragespeed,15:ragedamreduction,,Jewelry,,,,,,,,,,,,,,,,,no,1,,0.9.4,
Flame Badge,249,Unique,Accessory,,unique,5,,,,,,,,65,,6:heat,,,,,Jewelry,,,,,Heat,,,,,,,,,,,,no,1,,0.9.4,
Rainbow Badge,250,Unique,Accessory,,unique,5,,,,7,,,,,,,,,,,Jewelry,,,,,Buff,,,,,,,,,,,,no,1,,0.9.4,
Stone Badge,251,Unique,Accessory,,unique,5,,,,3,,,,,4,1:goldvalue,,,,,Jewelry,,,,,,,,,,,,,,,,,no,1,,0.9.4,
Dancing Dragon,230,Unique,Ranged Weapon,Fire,unique,9,2,15,20,2.2,85,2,,,,0.5:damperheat,2:heat,2:luck,,,Paper,,,,,"Heat,Lucky",,,,,,,,,,,,,,,0.8.0,
Box of Riches,112,Rare,Accessory,,,5,,,,,,,,50,,30,,,,,Wood,no,Lucky Cat*>Box of Prosperity,,,,,,,,,,,,,,,,,,0.3.7,
Chipped Ruby,86,Common,Gem,,no,1,,,,5,,,,,,7:lifesteal,10:healamp,4:flatsteal,100:lifesteal2,,Jewelry,,Chipped Ruby>Flawed Ruby,Box of Riches,Lifesteal,,,,,,,,,,,,,,,,0.3.7,
Flawed Ruby,87,Rare,Gem,,no,2,,,,5,,,,,,10,15,6,100:lifesteal2,,Jewelry,,Flawed Ruby>Regular Ruby,Box of Riches,Lifesteal,,,,,,,,,,,,,,,,0.3.7,
Regular Ruby,88,Epic,Gem,,no,4,,,,5,,,,,,15,20,10,100:lifesteal2,,Jewelry,,Regular Ruby>Flawless Ruby,Box of Riches,Lifesteal,,,,,,,,,,,,,,,,0.3.7,
Flawless Ruby,89,Legendary,Gem,,no,8,,,,5,,,,,,20,25,15,100:lifesteal2,,Jewelry,,Flawless Ruby>Perfect Ruby,Box of Riches,Lifesteal,,,,,,,,,,,,,,,,0.3.7,
Perfect Ruby,90,Godly,Gem,,no,16,,,,5,,,,,,30,35,30,100:lifesteal2,,Jewelry,,,Box of Riches,Lifesteal,,,,,,,,,,,,,,,,0.3.7,
Chipped Sapphire,91,Common,Gem,,no,1,,,,3,,15,,,,1:manaonhit,5:manaforblock,2:block,1:coldonhit,1:cold,Jewelry,,Chipped Sapphire>Flawed Sapphire,Box of Riches,,Cold,,,,,,,,,,,,,,,0.3.7,
Flawed Sapphire,92,Rare,Gem,,no,2,,,,4,,25,,,,1,5,3,1,2,Jewelry,,Flawed Sapphire>Regular Sapphire,Box of Riches,,Cold,,,,,,,,,,,,,,,0.3.7,
Regular Sapphire,93,Epic,Gem,,no,4,,,,4,,40,,,,1,5,4,1,3,Jewelry,,Regular Sapphire>Flawless Sapphire,Box of Riches,,Cold,,,,,,,,,,,,,,,0.3.7,
Flawless Sapphire,94,Legendary,Gem,,no,8,,,,3.5,,60,,,,1,5,5,1,4,Jewelry,,Flawless Sapphire>Perfect Sapphire,Box of Riches,,Cold,,,,,,,,,,,,,,,0.3.7,
Perfect Sapphire,95,Godly,Gem,,no,16,,,,3,,80,,,,1,5,7,1,6,Jewelry,,,Box of Riches,,Cold,,,,,,,,,,,,,,,0.3.7,
Chipped Emerald,101,Common,Gem,,no,1,,,,3,,35,,,,1:poisononhit,10:resist,1:regen,,,Jewelry,,Chipped Emerald>Flawed Emerald,Box of Riches,,Regeneration,,,,,,,,,,,,,,,0.3.7,
Flawed Emerald,102,Rare,Gem,,no,2,,,,4,,50,,,,1:poisononhit,15:resist,2:regen,,,Jewelry,,Flawed Emerald>Regular Emerald,Box of Riches,,Regeneration,,,,,,,,,,,,,,,0.3.7,
Regular Emerald,103,Epic,Gem,,no,4,,,,4,,80,,,,1:poisononhit,20:resist,3:regen,,,Jewelry,,Regular Emerald>Flawless Emerald,Box of Riches,,Regeneration,,,,,,,,,,,,,,,0.3.7,
Flawless Emerald,104,Legendary,Gem,,no,8,,,,3.5,,80,,,,2:poisononhit,25:resist,4:regen,,,Jewelry,,Flawless Emerald>Perfect Emerald,Box of Riches,,Regeneration,,,,,,,,,,,,,,,0.3.7,
Perfect Emerald,105,Godly,Gem,,no,16,,,,3,,100,,,,3:poisononhit,35:resist,6:regen,,,Jewelry,,,Box of Riches,,Regeneration,,,,,,,,,,,,,,,0.3.7,
Chipped Topaz,96,Common,Gem,,no,1,,,,,,10,4,,,10:attackspeed,8:staminaregen,,,,Jewelry,no,Chipped Topaz>Flawed Topaz,Box of Riches,,,,,,,,,,,,,,,,,0.3.8,
Flawed Topaz,97,Rare,Gem,,no,2,,,,,,15,6,,,15,12,,,,Jewelry,no,Flawed Topaz>Regular Topaz,Box of Riches,,,,,,,,,,,,,,,,,0.3.8,
Regular Topaz,98,Epic,Gem,,no,4,,,,,,20,8,,,20,20,,,,Jewelry,no,Regular Topaz>Flawless Topaz,Box of Riches,,,,,,,,,,,,,,,,,0.3.8,
Flawless Topaz,99,Legendary,Gem,,no,8,,,,,,30,10,,,25,30,,,,Jewelry,no,Flawless Topaz>Perfect Topaz,Box of Riches,,,,,,,,,,,,,,,,,0.3.8,
Perfect Topaz,100,Godly,Gem,,no,16,,,,,,35,15,,,35,45,,,,Jewelry,no,,Box of Riches,,,,,,,,,,,,,,,,,0.3.8,
Chipped Amethyst,106,Common,Gem,,no,1,,,,3.2,,20,,,,15:healingreduction,,,,,Jewelry,,Chipped Amethyst>Flawed Amethyst,Box of Riches,,,,Debuff,,,,,,,,,,,,,0.3.8,
Flawed Amethyst,107,Rare,Gem,,no,2,,,,2.5,,30,,,,20,,,,,Jewelry,,Flawed Amethyst>Regular Amethyst,Box of Riches,,,,Debuff,,,,,,,,,,,,,0.3.8,
Regular Amethyst,108,Epic,Gem,,no,4,,,,2,,45,,,,25,,,,,Jewelry,,Regular Amethyst>Flawless Amethyst,Box of Riches,,,,Debuff,,,,,,,,,,,,,0.3.8,
Flawless Amethyst,109,Legendary,Gem,,no,8,,,,1.6,,65,,,,30,,,,,Jewelry,,Flawless Amethyst>Perfect Amethyst,Box of Riches,,,,Debuff,,,,,,,,,,,,,0.3.8,
Perfect Amethyst,110,Godly,Gem,,no,16,,,,1,,100,,,,40,,,,,Jewelry,,,Box of Riches,,,,Debuff,,,,,,,,,,,,,0.3.8,
Ranger Bag,67,Unique,Bag,,Ranger,16,,,,,,,,,,12:critchance,3,,,,Leather,,,,,,,,,,,,,,,,,,,,0.1.0,
Lucky Clover,24,Rare,Accessory,Nature,Ranger,2,,,,,,,,,,1,,,,,Squishy,,,,,Lucky,,,,,,,,,,,,,,,0.1.0,
Carrot,124,Rare,Food,Nature,Ranger,3,,,,2.7,,55,,,,,4:luckt,,,,Squishy,,,,,Empower,,Debuff,,,,,,,,,,,,,0.4.0,
Shortbow,182,Common,Ranged Weapon,,Ranger,4,0.7,2,3,1.7,85,,,,,1,,,,,Wood,,"Walrus Tusk>Thorn Shortbow,Lucky Clover+Lucky Clover>Lucky Shortbow,Pestilence Flask>Poison Shortbow",,,,,,,,,,,,,,,no,,,0.9.0,Shoot
Acorn Collar,39,Epic,Accessory,Nature,Ranger,6,,,,,,,,,,5,,,,,Jewelry,no,,,,,,,5,,,,,,,,,,,,0.1.0,
Bow and Arrow,31,Epic,Ranged Weapon,,Ranger,7,1.2,6,9,3,85,,,,,1,7,,,,Wood,,"Walrus Tusk>Thorn Bow,Lucky Clover+Lucky Clover>Lucky Bow,Pestilence Flask>Poison Bow",,,,,,4,,,,,,,,,,,,0.1.0,Shoot
Thorn Shortbow,233,Rare,Ranged Weapon,Nature,no,8,0.7,2,3,1.7,85,50,,,,,,,,,Wood,,,,,Spikes,,,,,,,,,,,,no,,,0.9.0,Shoot
Lucky Shortbow,234,Epic,Ranged Weapon,Nature,no,8,0.7,2,3,1.7,100,75,,,,,,,,,Wood,,,,,Lucky,,,,,,,,,,,,no,,,0.9.0,Shoot
Poison Shortbow,235,Legendary,Ranged Weapon,Nature,no,11,0.7,2,11,1.7,85,70,,,,2:poison,,,,,Wood,,,,,Debuff,,,,,,,,,,,,no,,,0.9.0,Shoot
Lucky Piggy,119,Epic,Accessory,,no,7,,,,,,,,,,1,2,15,,,Stone,,,,,Lucky,,,,,,,,,,,,,,,0.3.9,
Carrot Goobert,168,Epic,Pet,Nature,no,12,,,,,,,,,,6:activations,4:cleanse,2:empower,8:dur,,Slime,,Light Goobert+Steel Goobert+Blood Goobert>Rainbow Goobert Ranger,,,Empower,,Debuff,,,,,,,,,,,,,0.5.6,
Thorn Bow,192,Legendary,Ranged Weapon,Nature,no,11,1.2,9,12,3,85,,,,,4:spikes,9:bonusdam,,,,Wood,,,,,Spikes,Spikes,,,,,,,,,,,,,,0.6.2,Shoot
Lucky Bow,193,Legendary,Ranged Weapon,Nature,no,11,1.2,6,9,3,85,,,,,3:luck,,,,,Wood,,,,,Lucky,,,,,,,,,,,,,,,0.6.2,Shoot
Poison Bow,194,Legendary,Ranged Weapon,Nature,no,14,1.2,9,12,3,85,,,,,5:damforpoison,0.5,,,,Wood,,,,,Poison,,,,,,,,,,,,,,,0.7.4,Shoot
Critwood Staff,33,Legendary,Ranged Weapon,"Magic, Nature",no,16,1,6,8,1.8,90,,,,,3:mana,7,1.2:duration,,,Wood,,,,Staff,,Mana,,,,,,,,,,,,,,0.3.1,Wave
Rainbow Goobert Ranger,169,Godly,Pet,"Vampiric, Holy, Nature",no,56,,,,,,,,,20,9:activations,20,2,2,3:blind,Slime,,,,,"Empower,Vampirism,Blind",,,,,,4,,,,,,,,,0.5.6,Squish
Piercing Arrow,141,Unique,Accessory,,Ranger>Hunter,10,,,,,,65,,,,50:critdam,15:blockremoval,,,,Wood,no,,,,Lucky,,,,,,,,,,,,,,,0.5.0,
Yggdrasil Leaf,142,Unique,Accessory,"Nature,Magic",Ranger>Lifebinder,10,,,,,,,,,,2:mana,1:regen,5:manat,15:heal,2:cleanse,Squishy,,,,,"Mana,Regeneration",,Debuff,,,,,,,,,,,,,0.5.0,
Poison Ivy,145,Unique,Accessory,Nature,Ranger>Pathfinder,10,,,,,,5,,,,18:poisont,25:damfactor,,2:poisonperspike,,Squishy,no,,,,Poison,,,,,,,,,,,,,,,0.5.0,
Mega Clover,159,Unique,Accessory,Nature,Ranger>Grovekeeper,10,,,,,,,,,,15:luckneeded,25:buffs,5:sales,20:uniques,,Squishy,,,,,BuffNoLuck,,,,,,,,,,,,no,,,0.9.0,
Bowl of Treats,162,Unique,Food,Nature,Ranger>Beastmaster,10,,,,3.7,,20,,30,,2,25:foodspeed,100,,,Wood,,,,,Buff,,,,,,,,,,,,no,,,0.9.0,
Rat,163,Common,Pet,Nature,no,4,,5,5,3.3,,75,10,,,15:petspeed,1:poison,1:blind,,,,,Healing Herbs>Rat Chef,Bowl of Treats,,Poison,,,,,,,,,,,,,,,0.9.0,
Squirrel,164,Rare,Pet,Nature,no,5,,,,4,,,,,,15:petspeed,1:buffsteal,,,,,,Shortbow>Squirrel Archer,Bowl of Treats,,Buff,,,,,,,,,,,,,,,0.9.0,
Hedgehog,165,Epic,Pet,Nature,no,7,,10,10,5,,,,,25,15:petspeed,0.5:spikedam,70:healtht,2:spikes,,,,,Bowl of Treats,,Spikes,,,,,,,,,,,,,,,0.9.0,
Storage Coffin,68,Unique,Bag,,Reaper,20,,,,,,25,,,,,,,,,Wood,,,,,Poison,,,,,,,,,,,,,,,0.1.0,
Fly Agaric,21,Rare,Food,Nature,Reaper,3,,,,4.3,,,,,,1,,,,,Squishy,,Demonic Flask>Doom Cap,,,Poison,,,,,,,,,,,,,,,0.1.0,
Deck of Cards,75,Rare,Accessory,,Reaper,3,,,,,,,,50,,2,,,,,Paper,,,,,Lucky,,,,,x,,,,,,,,,,0.3.4,
The Lovers,77,Common,Card,,no,3,,,,1.5,,,,,,7:dam,2:regen,100:lifesteal,6:healamp,,Paper,,,Deck of Cards,Lifesteal,Regeneration,,,,,,,,,,,,,,,0.3.4,
Ace of Spades,76,Rare,Card,,no,3,,,,1.5,,,,,,0,2:luck,3:spikes,,,Paper,,,Deck of Cards,,"Spikes,Lucky",,,,,,,,,,,,,,,0.3.4,
Reverse,241,Rare,Card,,no,3,,,,1.5,,,,,,3:reflect,3:steal,,,,Paper,,,Deck of Cards,,Buff,,,,,,,,,,,,no,,,0.9.0,
White-Eyes Blue Dragon,78,Epic,Card,Ice,no,4,,,,1.5,,,,,12,6:blockpercard,4:cold,10:damfactor,,,Paper,,,Deck of Cards,,Cold,,,,,,,,,,,,,,,0.3.4,
The Fool,240,Epic,Card,,no,3,,,,1.5,,,,,,50:revealspeed,1:empower,,,,Paper,,,Deck of Cards,,Empower,,,,,,,,,,,,,,,0.8.2,
Holo Fire Lizard,79,Legendary,Card,Fire,no,5,,12,12,1.5,,,,,,4:dampercard,4:heat,10:damfactor,,,Paper,,,Deck of Cards,,Heat,,,,,,,,,,,,,,,0.3.4,
Joker,245,Godly,Card,,no,5,,,,1.5,,,,,,6:buffs,25:stamina,2:cards,,,Paper,,,Deck of Cards,,Buff,,,,,,,,,,,,no,,,0.9.2,
Darkest Lotus,80,Godly,Card,"Magic,Dark",no,6,,,,1.5,,,,,,3,3,,,,Paper,,,Deck of Cards,,Mana,,Buff,,,,,,,,,,,,,0.3.4,
Toad,274,Epic,Pet,"Magic,Nature",Reaper,6,,,,3.8,,,,,,10:gained,12:heal,10:used,1:luck,1:mana,,,,,,"Mana,Lucky",,,2,,,1:luck2,1:mana2,,,,,no,,,0.9.12,
Death Scythe,44,Legendary,Melee Weapon,Dark,Reaper,12,0.8,6,10,1.4,90,,,,,25:poisont,50:crit,,,,Metal,,,,,,,,2,,,,,,,,,,,,0.1.0,Slash
Demonic Flask,65,Godly,Potion,Dark,Reaper,7,,,,,,,,,,50,0.35:dam,,,,Glass,,Corrupted Crystal>Strong Demonic Flask,,,,,,5,,,,,,,,,,,,0.1.0,
Poison Goobert,38,Epic,Pet,Nature,no,12,,,,,,,,,,5,2,4,,,Slime,,Light Goobert+Steel Goobert+Blood Goobert>Rainbow Goobert,,,Poison,,,,,,,,,,,,,,,0.3.0,
Staff of Unhealing,56,Godly,Weapon,"Magic, Dark",no,17,1.5,,,2,,,,,,20:heal,5:manat,0,2,100:unhealing,Wood,,,,Staff,,Mana,,,,,,,,,,,,,,0.3.1,Wave
Strong Pestilence Flask,170,Legendary,Potion,,no,10,,,,,,,,,,3,1,6:delay,3,,Glass,,,,,Poison,,,,,,,,,,,,,,,0.6.3,
Ruby Chonk,111,Godly,Ranged Weapon,"Pet,Fire,Effect",no,15,0,17,22,2.1,90,30,,,,12:heatt,0.4:stundur,,,,Dragon,,,,Dragon,Heat,,,,,,,,,,,,,,,0.3.6,
Rainbow Goobert,74,Godly,Pet,"Vampiric, Holy, Nature",no,56,,,,,,,,,20,9:activations,20,2,3:blind,4,Slime,,,,,"Poison, Vampirism,Blind",,,,,,,,,,,,,,,0.3.3,Squish
Cursed Hair Comb,143,Unique,Accessory,Vampiric,Reaper>Vampiress,10,,,,,,,,,,4:vampirism,25:lifesteal,25:healamp,,8:lifestealscaling,Jewelry,,,,,Vampirism,,,,,,,,,,,,,,,0.5.0,
Mr Struggles,144,Unique,Accessory,Dark,Reaper>Witch,10,,,,3,,25,,20,,1:fatigue,50:healtht,140:speedbonus,8:speeddur,,Leather,,,,,Debuff,,,,,,,,,,,,,,,0.5.0,Struggle
Cursed Dagger,146,Unique,Melee Weapon,Dark,Reaper>Hexblade,10,0,4,7,2,95,,,,,2,1,1,,,Stone,,,,,Debuff,,,,,,,,,,,,,,,0.5.0,Stab
Snake,166,Unique,Pet,Nature,Reaper>Venomancer,10,,,,2.3,,4,,,,4:luck,2:poison,50:maxhealth,,,,,,,,"Poison,Lucky",,,,,,,,,,,,no,,,0.9.0,
Cauldron,167,Unique,Accessory,Magic,Reaper>Alchemist,10,,,,3.5,,,,,,20:heal,6:mana,5:heat,15:speedbonus,,Metal,,,,,"Mana,Heat",,,,,,,,,,,,no,,,0.9.0,
Mrs Struggles,242,Legendary,Accessory,Dark,no,7,,,,4,,,,,,10:bonusspeed,,,,,Leather,,,Mr Struggles,,,,Buff,,,,,,,,,,no,,,0.9.0,Struggle
Miss Fortune,243,Epic,Accessory,Dark,no,7,,,,2.1,,,,,,1:luck,3:buffs,,,,Leather,,,Mr Struggles,,Buff,Lucky,,,,,,,,,,,no,,,0.9.0,Struggle
Strong Demonic Flask,171,Godly,Potion,Dark,no,14,,,,,,,,,,50:opphpt,0.7:dam,30:healreduction,3:dur,25:ownhpt,Glass,,,,,,,,,,,100:lifesteal,,,,,,,,,0.7.4,
Strong Vampiric Potion,175,Godly,Potion,Vampiric,no,12,,,,,,,,,,80:healtht,5:vampirism,35:lifesteal,6:dur,,Glass,,,,,Vampirism,,,,,,,,,,,,,,,0.9.0,
Strong Divine Potion,177,Godly,Potion,Holy,no,15,,,,,,,,,,10:debufft,10:cleanses,8:buffs,,,Glass,,,,,Buff,,Debuff,,,,,,,,,,,,,0.9.0,
Fire Pit,113,Unique,Bag,,Pyromancer,20,,,,,,25,,,,4:maxhealth,,,,,Metal,,,,,,,,,,,,,,,,,,,,0.9.0,
Flame,114,Common,Accessory,Fire,Pyromancer,1,,,,,,,,,,,,,,,Fire,,,,,Heat,,,,,,,,,,,"Anvil,Stone Badge",,,,0.9.0,
Chili Pepper,117,Rare,Food,Nature,Pyromancer,5,,,,4.8,,,,,,1,5,10,,,Squishy,,,,,Heat,,Debuff,,,,,,,,,,,,,0.9.0,
Draconic Orb,120,Epic,Accessory,Fire,Pyromancer,8,,,,3.8,,,,,,15,3:crits,1,1,,Jewelry,,,,,Heat,,Spikes,4,,,,,,,,,,,,0.9.0,
Phoenix,115,Legendary,Ranged Weapon,"Pet,Fire,Effect",Pyromancer,11,0,15,20,2.5,85,,,,,11:selfdam,6:healperheat,,,,Fire,,,,,,Heat,,,,,,,,,,,,,,0.9.0,
Burning Sword,228,Epic,Melee Weapon,Fire,no,9,1,2,4,1.6,90,40,,,,1:heat,7:heatt,1:bonusdam,,,Metal,,Whetstone+Whetstone>Burning Blade,,,Heat,,,,,,,,,,,,,,,0.9.0,Slash
Burning Blade,116,Legendary,Melee Weapon,Fire,no,17,1,8,10,1.6,90,,,,,1:heat,6:heatt,1:bonusdam,,,Fire,,,,,Heat,,,,,,,,,,,,,,,0.9.0,Slash
Sun Armor,224,Godly,Armor,"Holy, Fire",no,15,,,,3,,,,,70,1,1,12:heal,2,,Metal,,,,,Heat,Heat,Debuff,,,,,,,,,,,,,0.9.0,
Sun Shield,225,Godly,Shield,"Holy, Fire",no,14,,,,,,30,,,,14:blockt,0.7:stamina,12:damreduction,4:dam,,Metal,,,,,,,,,,,,,,,,,,,,0.9.0,Block
Molten Dagger,211,Epic,Melee Weapon,Fire,no,6,0,3,7,3.5,95,,,,,1,2,,,,Metal,,,,,,Heat,,,,,,,,,,,,,,0.9.0,Stab
Molten Spear,212,Epic,Melee Weapon,Fire,no,8,1,3,8,1.5,65,,,,,1,5:missdam,5:blockremoval,,,Metal,,,,,,Heat,,,,,,,,,,,,,,0.9.0,Stab
Staff of Fire,121,Legendary,Ranged Weapon,"Fire,Magic",no,18,1,10,12,1.8,90,,,,,2,2,6:bonusdam,,,Wood,,,,Staff,,"Mana,Heat",,,,,,,,,,,,,,0.9.0,Wave
Flame Whip,122,Legendary,Melee Weapon,Fire,no,10,1.5,6,10,1.7,90,,,,,1:spikes,4:heat,8:bonusdam,,,Squishy,,,,,Heat,Spikes,,,,,,,,,,,,,,0.9.0,Slash
Chili Goobert,205,Epic,Pet,Nature,no,11,,,,,,,,,,6:activations,14:heal,2,,,Slime,,Light Goobert+Steel Goobert+Blood Goobert>Rainbow Goobert Pyromancer,,,Heat,,Debuff,,,,,,,,,,,,,0.9.0,Squish
Rainbow Goobert Pyromancer,219,Godly,Pet,"Vampiric, Holy, Nature",no,55,,,,,,,,,20,9:activations,20,2,4,4,Slime,,,,,"Vampirism,Blind,Heat",,,,,,3:blind,,,,,,,,,0.9.0,Squish
Obsidian Dragon,123,Godly,Ranged Weapon,"Pet,Fire,Effect",no,18,0,11,16,2.1,90,,,,,26:heatt,3:dambonus,,,,Stone,,,,Dragon,,,,,,,,,,,,,,,,0.9.0,
Friendly Fire,154,Unique,Pet,"Magic,Fire",Pyromancer>Firebender,10,,100,100,2.9,,,,,,1:manat,2:heat,10:speed,20:heatt1,5:luck,Fire,,,,,"Heat,Regeneration,Lucky",Mana,,,,,40:heatt2,15:regen,60:heatt3,,,,,,,0.9.0,
Burning Banner,155,Unique,Accessory,"Holy,Fire",Pyromancer>Crusader,10,,,,3.8,,50,25,,,5:blinddur,2:buffs,2:regen,,,Leather,,,,,Regeneration,,Buff,,,,,,,,,,,,,0.9.0,
Dark Lantern,158,Unique,Accessory,"Dark,Fire",Pyromancer>Ashbringer,10,,5,5,,,,,,,50,50,1.5:invudur,,7:debuffs,Metal,,,,,Debuff,,,,,,,,,,,,,,,0.9.0,
Frozen Flame,185,Unique,Accessory,Ice,Pyromancer>Cryomancer,10,,,,,,,,15,19,6:heat,2:cold,1.5:critchance,2:critdam,,Ice,,,,,Cold,,,,,,,,,,,,,,,0.9.0,
Dragon Nest,195,Unique,Accessory,,Pyromancer>Scalewarden,10,,,,,,,,20,,5:heal,2:luck,2:regen,4:mana,2:heat,Leather,,,,,"Lucky,Regeneration,Mana,Heat",,,,,,,,,,,,,,,0.9.0,
Spell Scroll Frostbolt,178,Rare,Scroll,"Ice,Magic",no,4,,5,5,3,,,,,,3,,4,3,,Paper,,,Frozen Flame,,Cold,,,,,,,,,,,,,,,0.9.0,
Book of Ice,179,Rare,Accessory,"Ice,Magic",no,10,,,,3.2,,10,,,,2,3,,,,Paper,,,Frozen Flame,,Cold,Mana,,,,,,,,,,,,,,0.9.0,
Ice Armor,180,Epic,Armor,Ice,no,11,,,,5,,,,,75,4,1,2,10,,Ice,,,Frozen Flame,,Cold,Heat,,,,,,,,,,,,,,0.9.0,
Frozen Buckler,181,Epic,Shield,Ice,no,8,,,,,,30,,,,12:damreduction,0.7:stamina,1,10,,Ice,,,Frozen Flame,,Cold,,,,,,,,,,,,,,,0.9.0,Block
Frostbite,184,Legendary,Melee Weapon,"Ice,Vampiric",no,11,1,4,7,1.7,90,45,,,,1,0.4:dam,30,5,,Ice,,,Frozen Flame,,"Vampirism,Cold",,,,,,,,,,,,,,,0.9.0,Slash
Ice Dragon,236,Godly,Ranged Weapon,"Pet,Ice,Effect",no,14,0,15,20,2.1,90,,,,50,1:cold,12:coldt,20:damfactor,,,Dragon,,,Frozen Flame,Dragon,Cold,,,,,,,,,,,,no,,,0.9.0,
Emerald Egg,196,Legendary,Pet,,no,10,,,,,,,,,,3,2,,,,Stone,,,Dragon Nest,,Lucky,,,,,,,,,,,,,,,0.9.0,
Emerald Whelp,197,Godly,Ranged Weapon,"Pet,Effect",no,14,0,5,10,2.1,90,,,,,3,3,,,,Dragon,,,Emerald Egg,Dragon,"Lucky,Poison",,,,,,,,,,,,,,,0.9.0,
Sapphire Egg,198,Legendary,Pet,Magic,no,10,,,,,,,,,,4,2,,,,Stone,,,Dragon Nest,,Mana,,,,,,,,,,,,,,,0.9.0,
Sapphire Whelp,199,Godly,Ranged Weapon,"Pet,Magic,Effect",no,14,0,5,10,2.1,90,,,,5,4,1:manat,,,,Dragon,,,Sapphire Egg,Dragon,Buff,Mana,,,,,,,,,,,,,,0.9.0,
Amethyst Egg,200,Legendary,Pet,Dark,no,10,,,,,,,,,,4,2,,,,Stone,,,Dragon Nest,,Debuff,,,,,,,,,,,,,,,0.9.0,
Amethyst Whelp,201,Godly,Ranged Weapon,"Pet,Dark,Effect",no,14,0,5,10,2.1,90,,,,,4,,,,,Dragon,,,Amethyst Egg,Dragon,Debuff,,Buff,,,,,,,,,,,,,0.9.0,
Berserker Bag,129,Unique,Bag,,Berserker,16,,,,,,,,,,50,5,30,20,,Leather,,,,,,,,,,,,,,,,,,,,0.9.0,
Forging Hammer,130,Unique,Melee Weapon,,Berserker,3,0,2,5,3.5,95,,,,,1,,,,,Metal,,,,,,,,,,,,,,,,,,,,0.9.0,Bonk
Axe,132,Rare,Melee Weapon,,Berserker,6,1.4,3,6,2,85,,,,,1,,,,,Metal,,Axe>Double Axe,,,,,,,,,,,,,,,,,,0.9.0,Slash
Spiked Collar,131,Legendary,Accessory,,Berserker,6,,,,,,,,,,2,1,,,,Jewelry,,,,,Spikes,,,,,,,,,,,,,,,0.9.0,
Cheese,203,Legendary,Food,Nature,Berserker,8,,,,3.8,,,,,,10,1,,,,Squishy,,,,,Buff,,,,,,,,,,,,,,,0.9.0,
Double Axe,133,Epic,Melee Weapon,,no,12,2,6,12,1.8,85,,,,,2,3,,,,Metal,,,,,,,,,,,,,,,,,,,,0.9.0,Slash
Chain Whip,134,Legendary,Melee Weapon,Holy,no,8,2.1,4,9,2.4,85,,,,,2,8,1,,,Metal,,,,,,,Buff,,,,,,,,,,,,,0.9.0,Slash
Dragonscale Armor,135,Epic,Armor,,no,7,,,,,,,,,40,10:damreduction,,,,,Leather,,,,,,,,,,,,,,,,,,,,0.9.0,
Dragon Claws,136,Epic,Gloves,,no,4,,,,,,10,,,,40,,,,,Leather,,,,,,,,,,,,,,,,,,,,0.9.0,
Dragonskin Boots,153,Epic,Shoes,,no,6,,,,,,20,,,20,3,1,,,,Leather,,,,,Empower,,,,,,,,,,,,,,,0.9.0,
Busted Blade,152,Godly,Melee Weapon,,no,14,5,50,60,5,95,,,,,5:empowerdam,3:buffedstam,3:buffedcd,,,Metal,,,,,,,,,,,,,,,,,,,,0.9.0,Chop
Spiked Staff,259,Legendary,Melee Weapon,Magic,no,16,1,10,12,1.8,90,,,,,3:mana,2:empower,2:spikes,,,Wood,,,,Staff,"Empower,Spikes",Mana,,,,,,,,,,,,,,0.9.8,Bonk
Cheese Goobert,204,Godly,Pet,Nature,no,14,,,,,,,,,,5:activations,20:maxhealth,2,,,Slime,,Light Goobert+Steel Goobert+Blood Goobert>Rainbow Goobert Berserker,,,Buff,,,,,,,,,,,,,,,0.9.0,Squish
Rainbow Goobert Berserker,220,Godly,Pet,"Vampiric, Holy, Nature",no,58,,,,,,,,,20,9:activations,20,2,2,4,Slime,,,,,Buff,,,,,,3:blind,,,,,,,,,0.9.0,Squish
Anvil,147,Unique,Accessory,,Berserker>Blacksmith,10,,,,,,,,,,1:bonusdam,5:stamina,,,,Metal,,,,,,,,,,,,,,,,,,,,0.9.0,
Deer Totem,148,Unique,Accessory,"Nature,Magic",Berserker>Chieftain,10,,,,1,,,,,,10:damreduction,0.8:ragedur,15:heal,3:mana,,Wood,,,,,Mana,,,,,,,,,,,,,,,0.9.0,
Wolf Emblem,137,Unique,Accessory,,Berserker>Pack Leader,10,,,,3,,,,25,10,1:empower,10:critchance,12:critperpet,10:blockt,,Metal,,,,,Empower,,,,,,,,,,,,,,,0.9.0,
Shaman Mask,186,Unique,Accessory,,Berserker>Shaman,10,,,,3.4,,,,16,,1,2,5,,,Wood,,,,,Buff,Lucky,,,,,,,,,,,,,,0.9.0,
Brass Knuckles,202,Unique,Melee Weapon,,Berserker>Fighter,10,0,3,5,2.5,90,50,,,,0.3:stundur,5:critchance,5:accuracy,50:ragespeed,,Metal,,,,,,,,,,,,,,,,,,,,0.9.0,Stab
Courage Puppy,149,Legendary,Melee Weapon,"Pet,Effect",no,7,0,5,7,3.5,95,,,,,2,,,,,,,Forging Hammer*>Armored Courage Puppy,Wolf Emblem,,,,,,,,,,,,,,,,,0.9.0,
Wisdom Puppy,150,Legendary,Pet,,no,7,,,,4,,,,,10,1,15,,,,,,Forging Hammer*>Armored Wisdom Puppy,Wolf Emblem,,,,Cold,,,,,,,,,,,,,0.9.0,
Power Puppy,151,Legendary,Pet,,no,7,,,,3.2,,,,,,1,1,1,10,,,,Forging Hammer*>Armored Power Puppy,Wolf Emblem,,"Lucky,Regeneration,Empower",,,,,,,,,,,,,,,0.9.0,
Armored Courage Puppy,221,Godly,Melee Weapon,"Pet,Effect",no,7,0,7,9,3.5,95,,,,,2,,,,,,,,Wolf Emblem,,,,,,,,,,,,,,,,,0.9.0,
Armored Wisdom Puppy,222,Godly,Pet,,no,7,,,,4,,,,,14,1,15,1,,,,,,Wolf Emblem,,,,Cold,,,,,,,,,,,,,0.9.0,
Armored Power Puppy,223,Godly,Pet,,no,7,,,,2.8,,,,,,1,1,1,10,20,,,,Wolf Emblem,,"Lucky,Regeneration,Empower",,,,,,,,,,,,,,,0.9.0,
Badger Rune,187,Legendary,Gem,,no,4,,,,,,,,,,3:attackspeed,7:damreduction,10:stamina,,,Stone,,,Shaman Mask,,,,,,,,,,,,,,,,,0.9.0,
Elephant Rune,188,Legendary,Gem,,no,4,,,,3,,25,40,,,0.5:stundur,4:resistdur,40:maxhealth,,,Stone,,,Shaman Mask,,Blind,,,,,,,,,,,,,,,0.9.0,
Hawk Rune,189,Legendary,Gem,,no,4,,,,3.3,,40,,,,12:critchance,15:critdam,,,,Stone,,,Shaman Mask,,,,,,,,,,,,,,,,,0.9.0,
Tiger Rune,190,Legendary,Gem,,no,6,,,,,,,,,,,,,,,Stone,,,,,,,,,,,,,,,,,,,,0.9.0,
Vineweave Basket,252,Unique,Bag,,Ranger,20,,,,,,,,,,10:healamp,5:ampbonus,20:sales,1:round1,10:round2,Leather,,,,,,,,,,,,,,,,,no,,,0.9.16,
Relic Case,253,Unique,Bag,,Reaper,12,,,,3.2,,,,,,5:bonusdam,5:stamina,,,,Wood,,,,,,,,,,,,,,,,,no,,,0.9.16,
Portable Altar,254,Unique,Bag,,Pyromancer,8,,,,,,,,,,1:empower,,,,,Metal,,,,,,,,,,,,,,,,,no,,,0.9.16,
Toolbox,255,Unique,Bag,,Berserker,18,,,,5,,,,,,30:dambonus,30:speedreduction,6:battleragedur,35:lifesteal,,Metal,,,,,,,,,,,,,,,,,no,,,0.9.16,
Cubert,256,Unique,Pet,,unique,8,,,,,,55,55,,,1:regen,1:regent,1:empower,,,Slime,no,,,,"Empower,Regeneration",Regeneration,,,,,,,,,,,no,,,0.9.16,
Stable Recombobulator,279,Unique,Accessory,"Dark,Magic",unique,6,,,,2.5,,,,,,3:bonusvalue,,,,,Metal,,,,,Buff,,Debuff,,,,,,,,,,no,,,0.9.16,Spin
Unstable Recombobulator,280,Epic,Accessory,"Dark,Magic",,6,,,,4,,,,,,1:bonusvalue,,,,,Metal,,,,,Buff,,Debuff,,,,,,,,,,no,,,0.9.16,Spin
Random Loadout Bag,281,Unique,Bag,,special,10,,,,,,,,,,,,,,,Leather,,,,,,,,,,,,,,,,,no,,,0.9.16,
Star of Courage,282,Unique,Accessory,,special,1,,,,,,,,,,5:uniques,5:stamina,,,,Jewelry,no,,,,,,,,,,,,,,,,no,,,0.9.16,
Artifact Stone Death,283,Unique,Ranged Weapon,Dark,unique,8,0,7,9,1.9,90,,,,,7:crit,,,,,Stone,,,,Stone,,,,,,,,,,,,,no,,,0.9.16,Throw
Ghost,284,Unique,Pet,Dark,unique,10,,,,3,,,,,,30:unhealing,12:heal,,,,,,,,,,Buff,,,,,,,,,,,no,,,0.9.16,
Time Dilator,285,Unique,Accessory,,unique,8,,,,1,,,,,,30:slow,6:speed,,,,Jewelry,,,,,,,,,,,,,,,,,no,,,0.9.16,
Acorn Ace,286,Unique,Skill,Nature,Ranger 2,5,,,,,,,,,,12:stamina,75:stamina2,,,,Paper,no,,,,,,,,,,,,,,,,no,,,0.9.20,
Spicy Banana,287,Unique,Skill,Nature,Neutral 1,5,,,,,,40,,,,1:heat,1:stamina,3:heal,,,Paper,,,,,Heat,,,,,,,,,,,,no,,,0.9.20,
Smelly Barrier,288,Unique,Skill,Nature,Neutral 1,5,,,,,,,,,,5:blockbonus,18:blockt,1:poison,,,Paper,,,,,Poison,,,,,,,,,,,,no,,,0.9.20,
Mushroom Farm,289,Unique,Skill,Nature,Reaper 1,5,,,,,,,,,,2:num,50:speed,,,,Paper,no,,,,,,,,,,,,,,,,no,,,0.9.20,
Piggy Pinata,290,Unique,Skill,,Neutral 1,5,,,,,,,,30,,5:crit,,,,,Paper,no,,,,,,,,,,,,,,,,no,,,0.9.20,
Investment Opportunity,291,Unique,Skill,,Neutral 1,5,,,,,,,,,,1:gold,3:maxhealth,,,,Paper,no,,,,,,,,,,,,,,,,no,,,0.9.20,
Extra Bags,292,Unique,Skill,,"Neutral 1,2",5,,,,,,,,,,30:sales,2:bagweight,7:speed,,,Paper,no,,,,,,,,,,,,,,,,no,,,0.9.20,
Extra Angy,293,Unique,Skill,,Berserker 1,5,,,,4,,,,,,60:dur,,,,,Paper,,,,,,,,,,,,,,,,,no,,,0.9.20,
Markswoman,294,Unique,Skill,,Ranger 1,5,,,,,,,,,,20:dam,25:speed,15:acc,,,Paper,no,,,,,,,,,,,,,,,,no,,,0.9.20,
Doom Cap,295,Godly,Food,Dark,no,10,,,,3,,,,,,3:poison,10:healreduction,,,,Squishy,,,,,Poison,,,,,,,,,,,,no,,,0.9.20,
Slime Time,297,Unique,Skill,,Neutral 1,5,,,,2,,,,10,,,,,,,Paper,,,,,,,,,,,,,,,,,no,,,0.9.20,
Goobling,296,Common,Pet,,no,2,,,,,,,,,,3:activations,4:heal,,,,Slime,,Goobling>Goobert,Slime Time,,,,,,,,,,,,,,no,,,0.9.20,
Everburning,298,Unique,Skill,Fire,Pyromancer 1,5,,,,7,,,,,,1:heat,60:stamina,,,,Paper,,,,,Heat,,,,,,,,,,,,no,,,0.9.20,
Shielded,299,Unique,Skill,,"Neutral 1,2",5,,,,,,,,,,30:chance,60:speed,,,,Paper,no,,,,,,,,,,,,,,,,no,,,0.9.20,
Stoned,300,Unique,Skill,,"Neutral 1,2",5,,,,,,40,,,,75:blockfordam,,,,,Paper,no,,,,,,,,,,,,,,,,no,,,0.9.20,
Hardwood,301,Unique,Skill,,Neutral 2,5,,,,,,,,,16,150:dam,,,,,Paper,,,,,,,,,,,,,,,,,no,,,0.9.20,
Solaris,302,Unique,Skill,Holy,Pyromancer 2,5,,,,10,,60,,,18,20:cleanse,1:heat,,,,Paper,,,,,Heat,,,,,,,,,,,,no,,,0.9.20,
Dragon Set,303,Unique,Skill,,Berserker 2,5,,,,1.2,,,,,,1:heat,2:lifesteal,20:max,,,Paper,,,,,Heat,,,,,,,,,,,,no,,,0.9.20,
Dark Ritual,304,Unique,Skill,Dark,Reaper 2,5,,,,17,,,,,,20:debuffs,10:vampirism,20:speed,,,Paper,,,,,"Vampirism,Debuff",,,,,,,,,,,,no,,,0.9.20,
Mana Mastery,305,Unique,Skill,Magic,"Neutral 1,2",5,,,,4.7,,,,,,17:buffs,3:mana,20:speed,,,Paper,,,,,Mana,,,,,,,,,,,,no,,,0.9.20,
Power of the Moon,306,Unique,Skill,Magic,"Neutral 1,2",5,,,,,,,,,,5:time,1:blind,60:health,,,Paper,,,,,Blind,,,,,,,,,,,,no,,,0.9.20,
Smithing For Dummies,307,Unique,Skill,,Neutral 1,5,,,,,,,,,,1:dam,22:stamina,,,,Paper,no,,,,,,,,,,,,,,,,no,,,0.9.20,
Heavy Drinking,356,Unique,Skill,,"Neutral 1,2",5,,,,10,,,,,,50:speed,,,,,Paper,,,,,,,,,,,,,,,,,no,,,0.9.24,
Buy the Holy Light,357,Unique,Skill,Holy,Neutral 2,5,,,,,,,,,,40:speed,20:sales,,,,Paper,no,,,,,,,,,,,,,,,,no,,,0.9.24,
Heart of the Cards,358,Unique,Skill,,"Reaper 1,2",5,,,,,,,,,,4:mana,3:regen,3:pos,,,Paper,,,,,"Mana,Regeneration",,,,,,,,,,,,no,,Deck of Cards,0.9.24,
Girl Power,359,Unique,Skill,,"Neutral 1,2",5,,,,6.7,,,,,,2:regen,2:empower,20:speed,,,Paper,,,,,"Empower,Regeneration",,,,,,,,,,,,no,,,0.9.24,
Blood Manipulation,360,Unique,Skill,Vampiric,"Neutral 1,2",5,,,,4,,,,,,15:unhealing,1:vampirism,15:speed,,,Paper,,,,,Vampirism,,,,,,,,,,,,no,,,0.9.24,
Bagtacular,361,Unique,Skill,,Neutral 2,5,,,,,,,,,,5:speed,5:stamina,2:buffs,15:block,,Paper,no,,,,,,,,,,,,,,,,no,,,0.9.24,
Just Stats,362,Unique,Skill,,Neutral 1,5,,,,,,,,,,10:health,10:stamina,,,,Paper,,,,,,,,,,,,,,,,,no,,,0.9.24,
More Stats,363,Unique,Skill,,Neutral 2,5,,,,,,,,,,10:health,5:dam,,,,Paper,,,,,,,,,,,,,,,,,no,,,0.9.24,
Uniquely Unique,364,Unique,Skill,,Neutral 1,5,,,,,,,,,,20:speed,10:speed2,50:uniques,2:uniquest,,Paper,,,,,,,,,,,,,,,,,no,,,0.9.24,
Thornburst,365,Unique,Skill,,"Neutral 1,2",5,,,,6.5,,,,,,0.3:dur,2:spikes,5:max,5:speed,,Paper,,,,,Spikes,,,,,,,,,,,,no,,,0.9.24,
Pop,308,Unique,Ranged Weapon,"Pet,Magic,Effect",unique,6,0,2,3,1.5,90,,,,,4:speed,60:max,,,,,,,,,,,,,,,,,,,,,no,,,0.9.23,
Cthulhu,309,Unique,Pet,Dark,unique,8,,,,4.5,,,,,,15:speed,10:dam,100:lifesteal,,,,,,,Lifesteal,,,,,,,,,,,,,no,,,0.9.23,
Squirrel Archer,310,Epic,Ranged Weapon,"Pet,Nature,Effect",no,9,0,2,3,3.2,85,,,,,15:petspeed,,,,,,,,,,Buff,,Buff,,,,,,,,,,no,,,0.9.21,
Rat Chef,311,Rare,Pet,Nature,no,8,,,,7,,,,,,15:petspeed,2:stamina,1:empower,,,,,,,,"Empower,Regeneration",,,,,,,,,,,,no,,,0.9.21,
Chess Board,312,Rare,Accessory,,Mage,4,,,,1,,,,,,,,,,,Wood,,,,,,,,,,x,,,,,,,nooo,,,1.0.0,
White Pawn,313,Common,Chess Piece,,no,1,,,,,,,,,,1:luck,1:regen,,,,Wood,,,Chess Board,,,,,,,,,,,,,,nooo,,,1.0.0,
Black Pawn,314,Common,Chess Piece,,no,1,,,,,,,,,,2:mana,1:poison,,,,Wood,,,Chess Board,,,,,,,,,,,,,,nooo,,,1.0.0,
White Knight,315,Rare,Chess Piece,,no,3,,,,,,,,,,25:speed,1:stamina,,,,Wood,,,Chess Board,,,,,,,,,,,,,,nooo,,,1.0.0,
Black Knight,316,Rare,Chess Piece,,no,3,,,,,,,,,,2:vampirism,1:stamina,,,,Wood,,,Chess Board,,,,,,,,,,,,,,nooo,,,1.0.0,
White Bishop,317,Rare,Chess Piece,,no,3,,,,,,,,,,6:cleanse,10:healamp,,,,Wood,,,Chess Board,,,,,,,,,,,,,,nooo,,,1.0.0,
Black Bishop,318,Rare,Chess Piece,,no,3,,,,,,,,,,4:debuffs,10:healreduction,10:healthreduction,,,Wood,,,Chess Board,,,,,,,,,,,,,,nooo,,,1.0.0,
White Rook,319,Epic,Chess Piece,,no,5,,,,,,,,,30,20:dam,2:dur,,,,Wood,,,Chess Board,,,,,,,,,,,,,,nooo,,,1.0.0,
Black Rook,320,Epic,Chess Piece,,no,5,,,,,,,,,,3:spikes,20:crit,2:dur,,,Wood,,,Chess Board,,,,,,,,,,,,,,nooo,,,1.0.0,
White Queen,321,Legendary,Chess Piece,,no,9,,,,,,,,,,3:heat,1:dur,,,,Wood,,,Chess Board,,,,,,,,,,,,,,nooo,,,1.0.0,
Black Queen,322,Legendary,Chess Piece,,no,9,,,,,,,,,,2:buffs,1:dur,,,,Wood,,,Chess Board,,,,,,,,,,,,,,nooo,,,1.0.0,
White King,323,Godly,Chess Piece,,no,10,,,,,,,,,,1:empower,,,,,Wood,,,Chess Board,,,,,,,,,,,,,,nooo,,,1.0.0,
Black King,324,Godly,Chess Piece,,no,10,,,,,,,,,,5:speed,,,,,Wood,,,Chess Board,,,,,,,,,,,,,,nooo,,,1.0.0,
Spell Scroll Ice,325,Legendary,Spell,Ice,Mage,5,,,,,,30,,,2,1:cold,7:max,,,,Paper,,Spell Scroll Light>Magic Mirror,,,,,,,,,,,,,,,nooo,,,1.0.0,
Spell Scroll Nature,326,Rare,Spell,Nature,Mage,5,,,,,,,,,,4:staminat,1:mana,1:stamina,,,Paper,,"Spell Scroll Ice>Ice Flower,Spell Scroll Light>Light Flower,Spell Scroll Dark>Death Lotus",,,,,,,,,,,,,,,nooo,,,1.0.0,
Spell Scroll Light,327,Epic,Spell,Holy,Mage,5,,,,3,,,,,,10:heal,,,10:speed,,Paper,,Spell Scroll Dark>Null Blade,,,,,,,,,,,,,,,nooo,,,1.0.0,
Spell Scroll Dark,328,Godly,Spell,Dark,Mage,5,,,,3,,,,,,15:speed,15:speed2,,,,Paper,,,,,,,,,,,,,,,,,nooo,,,1.0.0,
Book of Nature,329,Epic,Accessory,Nature,Mage,10,,,,3,,,,,,1:regen,1:luck,1:spikes,10:speed,,Paper,,,,Book,,,,,,,,,,,,,nooo,,,1.0.0,
Book of Darkness,330,Legendary,Accessory,Dark,Mage,10,,,,3,,,,,,10:health,2:mana,,10:speed,,Paper,,,,Book,,,,,,,,,,,,,nooo,,,1.0.0,
Book of Light,57,Godly,Accessory,Holy,Mage,10,,,,3,,,,,,1:mana,1:regen,10:heal,10:speed,,Paper,,,,Book,,,,3,,,,,,,,,nooo,,,1.0.0,
Book of Ice New,331,Rare,Accessory,Ice,Mage,10,,,,3,,,,,,1:mana,2:cold,,10:speed,,Paper,,,,Book,,,,,,,,,,,,,nooo,,,1.0.0,
Magic Mirror,332,Legendary,Spell,"Holy,Ice",no,5,,,,6,,20,2,,,35:buffs,,,,,Ice,,,,,,,,,,,,,,,,,nooo,,,1.0.0,
Ice Flower,333,Legendary,Spell,"Nature,Ice",no,5,,,,,,30,30,,10,1:manat,2:cold,1:mana,,,Ice,no,,,,,,,,,,,,,,,,nooo,,,1.0.0,
Light Flower,334,Legendary,Spell,"Holy,Nature",no,5,,,,5,,10,3,,,1:manat,2:debuffs,1:luck,1:regen,,,,,,,,,,,,,,,,,,,nooo,,,1.0.0,
Death Lotus,335,Legendary,Spell,"Dark,Nature",no,5,,,,5,,,,,,3:mana,2:buffs,,10:speed,,,,,,,,,,,,,,,,,,,nooo,,,1.0.0,
Null Blade,348,Legendary,Melee Weapon,"Dark,Holy,Spell",no,5,1,10,12,1.6,90,,,,,1:luckt,1:dam,1:regent,2:buffs,5:speed,,,,,,,,,,,,,,,,,,nooo,,,1.0.0,
Cat Spirit,336,Legendary,Pet,Magic,Mage,5,,,,4,,,,,,20:crit,1:manat,1:luck,1:empower,,,,,,,,,,,,,,,,,,,nooo,,,1.0.0,
Owl Spirit,337,Legendary,Pet,Magic,Mage,5,,,,3,,20,,,,1:manat,2:mana,8:fatiguemana,,,,,,,,,,,,,,,,,,,,nooo,,,1.0.0,
Badger Spirit,338,Legendary,Pet,Magic,Mage,5,,,,4,,,,,,50:healtht,20:heal,1:manat,20:maxhealth,2:bonushealth,,,,,,,,,,,,,,,,,,nooo,,,1.0.0,
Cupcake,339,Legendary,Food,Magic,Mage,5,,,,,,10,,,,10:heal,50:max,,,,Squishy,,,,,,,,,,,,,,,,,nooo,,,1.0.0,
Cupcake Goobert,340,Legendary,Pet,Magic,no,11,,,,,,10,,,,5,10:heal,50:max,,,Slime,,,,,,,,,,,,,,,,,nooo,,,1.0.0,
Cupcake Staff,349,Legendary,Ranged Weapon,Magic,no,10,1,6,8,1.8,90,,,,,3:manat,2:dam,2:bonusdam,2:buffs,2:bonusbuffs,Wood,,,,Staff,,,,,,,,,,,,,nooo,,,1.0.0,
Mage Hat,341,Epic,Helmet,Magic,Mage,5,,,,,,,,,5,1:mana,10:damreduction,,,,Leather,,,,,,,,,,,,,,,,,nooo,,,1.0.0,
Shiny Mantle,342,Unique,Armor,Holy,Mage>Holy Mage,10,,,,,,100,,,,0.5:basedur,0.2:bonusdur,10:gold,,,Leather,,,,,,,,,,,,,,,,,nooo,,,1.0.0,
Spirit Bells,343,Unique,Accessory,Magic,Mage>Spirit Mage,10,,,,6,,,,,,3:basedur,1:bonusdur,30:damreduction,150:buffs,,,,,,,,,,,,,,,,,,,nooo,,,1.0.0,
Water Elemental,344,Unique,Ranged Weapon,"Magic,Pet",Mage>Waterbender,10,0,5,10,4,95,10,,,,2:mana,2:mana2,10:speed,10:heal,15:dam,,,,,,,,,,,,50:manat1,100:manat2,150:manat3,2:cold,,,nooo,,,1.0.0,
Evil Hat,345,Unique,Helmet,"Dark,Magic",Mage>Battle Mage,10,,,,3,,40,,,,5:buffs,5:buffs2,3:crit,1:empower,10:unhealing,Leather,,,,,,,,,,,5:unhealing2,,,,,,nooo,,,1.0.0,
Rainbow Potion,346,Unique,Potion,Magic,Mage>Randomancer,10,,,,,,,,20,,1:mana,1:stamina,5:buffs,20:buffst,3:potions,Glass,,,,,,,,,,,,,,,,,nooo,,,1.0.0,
Scholar Bag,347,Unique,Bag,,Mage,16,,,,,,30,50,,,5:mana,,,,,Leather,,,,,,,,,,,,,,,,,nooo,,,1.0.0,
Magic Badge,350,Unique,Accessory,Magic,unique,5,,,,3,,30,,,,5:mana,,,,,Jewelry,,,,,Mana,,,,,,,,,,,,nooo,1,,1.0.0,
Shepherds Crook,351,Rare,Accessory,,no,8,,,,,,35,50,,,2:dam,,,,,Wood,,,,,,,,,,,,,,,,,no,,,0.9.24,
Snowman,353,Epic,Accessory,Ice,,8,,,,,,,,,,,,,,,Squishy,,,,,,,,,,,,,,,,,no,,,0.9.24,
Snowball,352,Epic,Accessory,Ice,no,4,,,,,,,,,,2:cold,15:healthreduction,,,,Squishy,,,Snowman,,Cold,,,,,,,,,,,,no,,,0.9.24,
Stone Shoes,354,Legendary,Shoes,,no,12,,,,,,,,,45,70:healtht,1:luck,1:empower,35:damreduction,7:dur,Stone,,,,,"Empower,Lucky",,,,,,,,,,,,no,,,0.9.24,
Katana,355,Godly,Melee Weapon,,no,14,1.5,8,10,1.8,90,,,,,1:dam,1:bonusdam,20:buffst,2:buffs,,Metal,,,,,,,Buff,,,,,,,,,,no,,,0.9.24,Slash
Snow Stick,366,Legendary,Melee Weapon,Ice,no,8,1.2,6,9,2.1,95,,,,,3:cold,2:cold2,,,,Wood,,,,,Cold,,,,,,,,,,,,no,,,0.9.24,Slash
Snowcake,367,Unique,Food,Ice,unique,6,,10,10,2.8,,,,,,1:cold,10:coldt,10:damfactor,,,Squishy,,,,,Cold,,,,,,,,,,,,no,,,0.9.24,
Bag of Giving,368,Unique,Bag,,Adventurer,16,,,,,,,,,,0.1:stamina,1.5:value,,,,Leather,,,,,,,,,,,,,,,,,nooo,,,1.0.0,
Dig Deeper,369,Unique,Skill,,Neutral 1,5,,,,,,,,,,2:blind,,,,,Paper,,,,,Blind,,,,,,,,,,,,no,,Shovel,0.9.28,
Knife to Meet You,370,Unique,Skill,,Neutral 1,5,,,,12,,,,,,40:speed,40:dam,15:speed2,,,Paper,,,,,,,,,,,,,,,,,no,,,0.9.28,
Little Mimic,371,Unique,Pet,,unique,6,,,,6,,,,30,,3:buffs,1:speed,,,,Wood,,,,,Buff,,,,,,,,,,,,no,,,0.9.28,
Holdall,372,Epic,Bag,,no,7,,,,,,,,,6,,,,,,Leather,,,,,,,,,,,,,,,,,no,,,0.9.28,
Poison Spear,373,Legendary,Melee Weapon,,no,13,1,9,14,1.5,85,,,,,6:blockremoval,3:poison,2:poison2,,,Metal,,,,,Poison,,,,,,,,,,,,no,,,0.9.28,Stab
Shelly,374,Rare,Pet,"Holy,Nature",no,6,,,,12,,30,,,,6:debuffs,40:heal,10:speed,,,Squishy,,,,,,,,,,,,,,,,,no,,,0.9.28,
Fedora,375,Unique,Helmet,,Adventurer>Treasure Hunter,10,,,,2.5,,25,,,,50:uniques,3:uniquest,1:luck,3:luck2,1:luckt,Leather,,,,,,,,,,,2:buffs,,,,,,nooo,,,1.0.0,
Scale,376,Unique,Accessory,,Adventurer>Merchant,10,,,,3,,,,30,,4:mana,3:regen,1:speed,5:gold,30:speed2,Metal,,,,,,,,,,,,,,,,,nooo,,,1.0.0,
Mercury Elemental,377,Unique,Pet,,Adventurer>Weaponmaster,10,,,,3,,,,,20,1:stamina,1:staminat,2:poison,2:poison2,,Metal,,,,,,,,,,,,,,,,,nooo,,,1.0.0,
Turtle,378,Unique,Pet,,Adventurer>Shieldmaster,10,,,,7,,,,,50,100:block,35:damreduction,7:duration,20:block2,,Stone,,,,,,,,,,,,,,,,,nooo,,,1.0.0,
Lute,379,Unique,Accessory,Musical,Adventurer>Bard,10,,,,6,,20,20,,,20:healamp,30:heal,7:buffs,20:speed,10:speed2,Wood,,,,,,,,,,,,,,,,,nooo,,,1.0.0,
Twine,380,Common,Accessory,,Adventurer,2,,,,,,20,20,,,2:health,,,,,Leather,,,,,,,,,,,,,,,,,nooo,,,1.0.0,
Rope,381,Rare,Accessory,,Adventurer,4,,,,,,,,,,10:speed,4:dur,50:max,,,Leather,,,,,,,,,,,,,,,,,nooo,,,1.0.0,
